{
    "Bleu_1": 0.8123148869836111,
    "Bleu_2": 0.6616565795251645,
    "Bleu_3": 0.5199327431891888,
    "Bleu_4": 0.3930590165291431,
    "METEOR": 0.27045502949065314,
    "ROUGE_L": 0.5390308897283069,
    "CIDEr": 0.8211430954183434,
    "SPICE": 0.13032611951058345
}