{
    "Bleu_1": 0.8744113029799861,
    "Bleu_2": 0.8009747941141501,
    "Bleu_3": 0.7197748364881834,
    "Bleu_4": 0.6403994001030824,
    "METEOR": 0.42320516124866947,
    "ROUGE_L": 0.8071434870621019,
    "CIDEr": 1.4759765693041778,
    "SPICE": 0.07235623427144539
}