{
    "Bleu_1": 0.8433957899604803,
    "Bleu_2": 0.7448481847374863,
    "Bleu_3": 0.6522544224126565,
    "Bleu_4": 0.5571187210049864,
    "METEOR": 0.3969528095402894,
    "ROUGE_L": 0.7573005508891286,
    "CIDEr": 1.0939012116982418,
    "SPICE": 0.06968970508714138
}