{
    "Bleu_1": 0.5515988192828496,
    "Bleu_2": 0.3271292662168159,
    "Bleu_3": 0.20789266833099213,
    "Bleu_4": 0.13714415009638775,
    "METEOR": 0.18407369826534095,
    "ROUGE_L": 0.35364368945252583,
    "CIDEr": 0.5381397658711783,
    "SPICE": 0.14427542106209715
}