{
    "Bleu_1": 0.3415060400548652,
    "Bleu_2": 0.2094896584746403,
    "Bleu_3": 0.13340664986206302,
    "Bleu_4": 0.08763606846640347,
    "METEOR": 0.15021108630140115,
    "ROUGE_L": 0.3647798501751354,
    "CIDEr": 1.047102099231225,
    "SPICE": 0.27629514351150386
}